transaction_id,customer_id,transaction_date,amount,currency_unit,channel,counterparty_id,branch_code
ALT-T0105,CUST-023,2024-02-23,5187.87,GBP,ATM,CP-0031,
ALT-T0109,CUST-025,2024-01-04,776.63,gbp,BRANCH,CP-0012,BR004
ALT-T0048,CUST-007,2024-02-10,17559.11,GBP,ONLINE,CP-0030,
ALT-T0031,CUST-004,05/01/2024,"£14,459.00",GBP,BRANCH,CP-0020,BR003
ALT-T0034,CUST-004,16/02/2024,"£14,294.00",GBP,ONLINE,CP-0005,
ALT-T0044,CUST-009,2024-02-03,7405.88,GBP,BRANCH,CP-0001,BR005
ALT-T0014,CUST-001,2024-02-24,792.17,GBP,MOBILE,CP-0025,
ALT-T0029,CUST-001,2024-03-27,438.26,GBP,Branch,CP-0006,BR004
ALT-T0058,CUST-005,22/02/2024,"£1,124.00",£,online,CP-0010,
ALT-T0020,CUST-001,2024-03-02,746.73,GBP,Online,CP-0011,
ALT-T0028,CUST-001,2024-03-26,1837.97,GBP,MOBILE,CP-0008,
ALT-T0050,CUST-007,2024-03-05,13139.39,GBP,ONLINE,CP-0014,
ALT-T0072,CUST-011,2024-03-07,2743.5,GBP,Mobile,CP-0001,
ALT-T0093,CUST-019,2024-03-04,7176.23,GBP,Branch,CP-0023,BR001
ALT-T0041,CUST-015,14/03/2024,1951.04,GBP,BRANCH,CP-0029,BR002
ALT-T0075,CUST-012,22/02/2024,"£2,185.00",GBP,BRANCH,CP-0005,BR008
ALT-T0046,CUST-009,15/03/2024,6856.41,GBP,BRANCH,CP-0014,BR005
ALT-T0087,CUST-017,06/02/2024,2975.27,GBP,Mobile,CP-0025,
ALT-T0099,CUST-021,07/01/2024,2200.9,GBP,Mobile,CP-0031,
ALT-T0038,CUST-004,2024-03-28,"£16,267.00",GBP,BRANCH,CP-0028,BR003
ALT-T0110,CUST-025,18/02/2024,5364.61,Pounds Sterling,ONLINE,CP-0019,
ALT-T0104,CUST-023,10/01/2024,8769.94,GBP,ATM  ,CP-0019,
ALT-T0113,,15/03/2024,3400.0,GBP,BRANCH,CP-0008,BR004
ALT-T0005,CUST-001,05/02/2024,1216.6,GBP,Online,CP-0010,
ALT-T0018,CUST-001,21/01/2024,3167.92,GBP,Mobile,CP-0026,
ALT-T0009,CUST-001,18/02/2024,1785.65,GBP,BRANCH,CP-0005,BR006
ALT-T0101,CUST-022,2024-02-12,4111.02,GBP,ATM  ,CP-0020,
ALT-T0002,CUST-001,2024-02-03,1612.85,GBP,MOBILE,CP-0002,
ALT-T0025,CUST-001,2024-03-22,1899.97,GBP,online,CP-0007,
ALT-T0015,CUST-001,08/01/2024,935.69,Pounds Sterling,Branch,CP-0021,BR002
ALT-T0097,CUST-020,15/02/2024,3441.95,GBP,ATM,CP-0002,
ALT-T0054,CUST-002,20/02/2024,1878.12,GBP,ATM  ,CP-0021,
ALT-T0094,CUST-020,2024-02-28,3291.58,GBP,ATM,CP-0030,
ALT-T0013,CUST-001,24/02/2024,1861.91,gbp,ONLINE,CP-0011,
ALT-T0084,CUST-016,2024-02-10,4937.88,GBP,Mobile,CP-0015,
ALT-T0069,CUST-011,17/01/2024,"£3,657.00",£,BRANCH,CP-0024,BR004
ALT-T0047,CUST-009,2024-03-26,11024.43,GBP,BRANCH,CP-0011,BR005
ALT-T0086,CUST-017,2024-01-13,1264.51,GBP,ONLINE,CP-0030,
ALT-T0001,CUST-001,01/02/2024,476.28,GBP,Online,CP-0006,
ALT-T0085,CUST-017,2024-01-11,8279.9,GBP,Mobile,CP-0002,
ALT-T0051,CUST-007,2024-03-13,15475.08,GBP,ONLINE,CP-0004,
ALT-T0112,,2024-02-14,1250.0,GBP,ONLINE,CP-0028,
ALT-T0059,CUST-006,2024-01-22,8152.76,GBP,Branch,CP-0006,BR001
ALT-T0017,CUST-001,2024-01-18,1051.54,GBP,Branch,CP-0017,BR003
ALT-T0062,CUST-008,02/01/2024,2283.29,GBP,ONLINE,CP-0007,
ALT-T0080,CUST-014,2024-03-25,743.48,gbp,ATM,CP-0019,
ALT-T0082,CUST-014,23/03/2024,3011.39,GBP,BRANCH,CP-0027,BR008
ALT-T0079,CUST-014,2024-02-15,2262.8,GBP,ATM,CP-0018,
ALT-T0071,CUST-011,17/02/2024,2696.11,GBP,Mobile,CP-0009,
ALT-T0049,CUST-007,2024-02-13,13711.5,GBP,ONLINE,CP-0032,
ALT-T0026,CUST-001,2024-03-25,2229.15,£,ATM  ,CP-0010,
ALT-T0066,CUST-010,2024-01-10,"£1,787.00",gbp,BRANCH,CP-0018,BR006
ALT-T0114,CUST-020,2024-03-02,3200.0,GBP,BRANCH,CP-0015,
ALT-T0032,CUST-004,2024-01-22,15045.18,GBP,BRANCH,CP-0034,BR003
ALT-T0095,CUST-020,23/02/2024,2467.24,GBP,online,CP-0031,
ALT-T0027,CUST-001,25/03/2024,2002.98,GBP,online,CP-0034,
ALT-T0068,CUST-010,2024-03-04,8852.78,GBP,Branch,CP-0007,BR001
ALT-T0091,CUST-019,2024-01-20,1017.48,GBP,Online,CP-0002,
ALT-T0055,CUST-003,21/01/2024,"£5,082.00",GBP,MOBILE,CP-0007,
ALT-T0007,CUST-001,2024-02-08,2337.11,gbp,BRANCH,CP-0030,BR005
ALT-T0043,CUST-009,2024-01-08,7503.25,GBP,BRANCH,CP-0004,BR005
ALT-T0021,CUST-001,02/03/2024,1500.49,Pounds Sterling,Online,CP-0030,
ALT-T0111,CUST-025,02/03/2024,"£2,097.00",GBP,Branch,CP-0013,BR005
ALT-T0053,CUST-002,2024-02-22,5148.59,GBP,Mobile,CP-0003,
ALT-T0045,CUST-009,2024-02-28,11263.67,GBP,BRANCH,CP-0016,BR005
ALT-T0098,CUST-021,26/01/2024,2522.6,GBP,Branch,CP-0034,BR001
ALT-T0083,CUST-016,2024-01-25,102.77,GBP,ONLINE,CP-0023,
ALT-T0063,CUST-008,2024-02-12,8335.59,GBP,Mobile,CP-0016,
ALT-T0088,CUST-018,2024-01-03,3182.15,GBP,ATM  ,CP-0005,
ALT-T0024,CUST-001,11/03/2024,260.55,GBP,ATM,CP-0017,
ALT-T0036,CUST-004,2024-03-09,11142.04,GBP,ONLINE,CP-0009,
ALT-T0092,CUST-019,2024-03-10,1825.05,Pounds Sterling,Mobile,CP-0016,
ALT-T0067,CUST-010,28/02/2024,3627.12,GBP,Branch,CP-0002,BR006
ALT-T0061,CUST-006,2024-02-24,£879.00,GBP,Mobile,CP-0010,
ALT-T0023,CUST-001,2024-03-11,612.54,GBP,Branch,CP-0028,BR006
ALT-T0100,CUST-021,2024-03-21,"£2,006.00",GBP,ATM,CP-0016,
ALT-T0081,CUST-014,08/03/2024,"£1,461.00",GBP,MOBILE,CP-0025,
ALT-T0107,CUST-024,05/01/2024,1110.14,GBP,Branch,CP-0015,BR007
ALT-T0003,CUST-001,2024-02-04,2118.45,GBP,MOBILE,CP-0027,
ALT-T0076,CUST-013,2024-01-23,-443.81,gbp,Mobile,CP-0007,
ALT-T0074,CUST-012,22/02/2024,7374.89,GBP,ATM  ,CP-0016,
ALT-T0030,CUST-001,27/03/2024,2902.08,GBP,ATM,CP-0009,
ALT-T0012,CUST-001,2024-02-24,1288.43,gbp,MOBILE,CP-0014,
ALT-T0004,CUST-001,2024-02-04,1814.24,GBP,Online,CP-0001,
ALT-T0033,CUST-004,2024-02-06,"£13,063.00",GBP,BRANCH,CP-0002,BR003
ALT-T0078,CUST-013,15/02/2024,5379.3,GBP,ATM,CP-0029,
ALT-T0042,CUST-015,15/03/2024,1917.44,GBP,BRANCH,CP-0030,BR002
ALT-T0056,CUST-003,2024-01-03,-274.5,£,ATM  ,CP-0005,
ALT-T0006,CUST-001,2024-02-08,622.59,GBP,BRANCH,CP-0007,BR002
ALT-T0108,CUST-024,2024-02-25,5317.3,GBP,ATM,CP-0028,
ALT-T0011,CUST-001,2024-02-22,1312.3,GBP,ONLINE,CP-0030,
ALT-T0103,CUST-022,2024-02-07,4745.5,GBP,Branch,CP-0007,BR005
ALT-T0064,CUST-008,28/02/2024,"£5,971.00",Pounds Sterling,online,CP-0022,
ALT-T0070,CUST-011,14/02/2024,7639.74,GBP,MOBILE,CP-0020,
ALT-T0065,CUST-008,2024-02-26,-450.64,£,BRANCH,CP-0003,BR007
ALT-T0004,CUST-001,2024-02-04,1814.24,GBP,Online,CP-0001,
ALT-T0052,CUST-002,2024-01-28,"£1,730.00",GBP,ONLINE,CP-0005,
ALT-T0090,CUST-018,20/03/2024,5097.53,GBP,online,CP-0014,
ALT-T0039,CUST-015,2024-02-12,1270.86,GBP,BRANCH,CP-0007,BR002
ALT-T0089,CUST-018,2024-03-25,1834.28,GBP,ONLINE,CP-0002,
ALT-T0060,CUST-006,2024-01-21,"£6,237.00",GBP,Branch,CP-0011,BR005
ALT-T0016,CUST-001,2024-01-09,1535.8,gbp,ATM,CP-0030,
ALT-T0057,CUST-005,2024-01-27,7273.54,GBP,Branch,CP-0020,BR001
ALT-T0037,CUST-004,17/03/2024,16941.45,GBP,ONLINE,CP-0031,
ALT-T0073,CUST-012,21/01/2024,4625.01,GBP,ATM,CP-0011,
ALT-T0115,CUST-023,22/02/2024,1850.0,GBP,Branch,CP-0010,
ALT-T0096,CUST-020,2024-02-15,7485.04,GBP,Branch,CP-0018,BR002
ALT-T0077,CUST-013,2024-02-25,5038.78,GBP,online,CP-0008,
ALT-T0040,CUST-015,14/02/2024,4641.07,GBP,BRANCH,CP-0007,BR002
ALT-T0102,CUST-022,09/02/2024,"£4,426.00",GBP,BRANCH,CP-0013,BR003
ALT-T0022,CUST-001,2024-03-08,2460.92,GBP,Branch,CP-0008,BR001
ALT-T0008,CUST-001,2024-02-09,2735.48,GBP,ONLINE,CP-0025,
ALT-T0010,CUST-001,2024-02-21,2255.36,GBP,MOBILE,CP-0006,
ALT-T0019,CUST-001,2024-01-23,1905.96,GBP,BRANCH,CP-0006,BR003
ALT-T0106,CUST-024,2024-01-28,5214.34,Pounds Sterling,Online,CP-0004,
ALT-T0035,CUST-004,2024-02-18,"£15,370.00",GBP,ONLINE,CP-0022,
ALT-T0044,CUST-009,2024-02-03,7405.88,GBP,BRANCH,CP-0001,BR005
